0,0
https://www.msn.com/en-us/news/politics/ocasio-cortez-would-vote-against-bipartisan-infrastructure-bill-over-climate-change/ar-AAQ1Dr6,194
https://www.bloomberg.com/news/articles/2020-10-05/exxon-carbon-emissions-and-climate-leaked-plans-reveal-rising-co2-output,90
https://truthout.org/articles/exxon-influenced-senators-carved-climate-out-of-infrastructure-almost-entirely/?utm_campaign=Truthout+Share+Buttons,82
https://rpujolviven.blogspot.com/2013/05/why-oil-and-coal-consumption-is-growing.html,80
https://www.theguardian.com/business/2021/sep/16/exxon-bp-congress-climate-crisis,31
https://truthout.org/articles/exxon-influenced-senators-carved-climate-out-of-infrastructure-almost-entirely/,30
https://unearthed.greenpeace.org/2021/06/30/exxon-climate-change-undercover/,17
http://a.msn.com/01/en-us/AALDsST?ocid=st,17
https://www.axios.com/exxon-darren-woods-comments-climate-change-b632a0f3-faf9-4a9a-a01d-2adc56527ae0.html?utm_campaign=organic&amp;utm_medium=socialshare&amp;utm_source=twitter,16
https://www.washingtonpost.com/climate-environment/2021/07/02/exxon-climate-change-video-leaked/,14
https://www.businessinsider.com/exxonmobil-lobbyist-climate-change-green-biden-infrastructure-bbc-channel-4-2021-6,13
https://rpujolviven.blogspot.com/2017/02/spring-asthenia-in-fifth-of-february.html,13
https://www.vox.com/2020/1/16/21067763/harvard-law-climate-protest-exxon-paul-weiss,13
https://cleantechnica.com/2021/11/04/exxon-chevron-toyota-are-the-largest-anti-climate-lobbyists-says-influencemap/,12
https://www.npr.org/2021/07/01/1012138741/exxon-lobbyist-caught-on-video-talks-about-undermining-bidens-climate-push,11
https://www.rollingstone.com/politics/politics-news/caught-on-camera-exxonmobil-lobbyist-touts-anti-climate-actions-1192057/,9
https://foe-us.medium.com/a-climate-justice-users-guide-to-the-manchin-energy-infrastructure-bill-337ea15917d0,8
https://www.bloomberg.com/news/articles/2021-09-30/exxon-parts-with-lobbyist-recorded-detailing-anti-climate-plans,8
https://www.rollingstone.com/politics/politics-news/caught-on-camera-exxonmobil-lobbyist-touts-anti-climate-actions-1192057/#utm_medium=social&amp;utm_source=twitter&amp;utm_campaign=social_bar&amp;utm_content=top_amp&amp;utm_id=1192057,7
https://truthout.org/articles/exxon-influenced-senators-carved-climate-out-of-infrastructure-almost-entirely/?eType=EmailBlastContent&amp;eId=a7ff6a1d-1d08-40f1-8b39-7f006e3f3e4d,7
https://newrepublic.com/article/162901/biden-white-house-exxon-infrastructure,7
https://www.scientificamerican.com/article/exxon-knew-about-climate-change-almost-40-years-ago/,6
https://www.nytimes.com/2021/06/30/climate/exxon-greenpeace-lobbyist-video.html,5
https://mitechnews.com/climate-change/texas-is-letting-shell-exxon-and-other-oil-producers-break-the-rules/,5
https://www.theguardian.com/environment/2021/oct/28/exxon-ceo-accused-lying-climate-science-congressional-panel,5
https://oilprice.com/Energy/Crude-Oil/Climate-Activism-Is-Great-News-For-Saudi-Arabia-And-Russia,4
https://read.amazon.com/litb/B079LXRLDD?f=2&amp;l=en_US&amp;rid=KS0DERP7B02VGPXAW1PJ&amp;ref_=litb_m,4
https://www.politico.com/news/2021/05/26/big-oil-exxon-climate-491104,4
https://us02web.zoom.us/meeting/register/tZAucO-tqzgiE9fWMq0t63H_7V6B7U0hrFn5,4
https://www.aljazeera.com/news/2021/2/24/mutual-suicide-us-issues-stark-warning-on-climate-change,4
https://www.nytimes.com/2021/09/16/climate/exxon-oil-disinformation-house-probe.html,4
https://www.youtube.com/watch?v=u-mh72tBpj,4
https://read.amazon.com/litb/B079LXRLDD?f=2&amp;l=en_US&amp;rid=21QE1TW57WYP3VN5Y1W4&amp;ref_=litb_m,4
https://www.theverge.com/2018/6/26/17507620/climate-lawsuits-san-francisco-oakland-sue-big-oil-judge-alsup-chevron-exxon,4
https://www.currentaffairs.org/2021/07/exxon-admits-capitalism-created-the-climate-crisis/,4
https://www.currentaffairs.org/2021/07/exxon-admits-capitalism-created-the-climate-crisis,4
https://www.businessinsider.com/exxonmobil-lobbyist-climate-change-green-biden-infrastructure-bbc-channel-4-2021-6?utmSource=twitter&amp;utmContent=referral&amp;utmTerm=topbar&amp;referrer=twitter,4
https://www.theverge.com/platform/amp/2018/6/26/17507620/climate-lawsuits-san-francisco-oakland-sue-big-oil-judge-alsup-chevron-exxon,4
https://www.independent.co.uk/climate-change/exxonmobil-joe-biden-infrastructure-democrats-b1875785.html,3
https://www.vice.com/en/article/bvx84q/exxon-silences-staff-alarmed-by-the-climate-crisis-says-former-employee-enrique-rosero,3
https://www.ecowatch.com/infrastructure-bill-climate-crisis-2654410982.html,3
https://www.nytimes.com/2021/09/16/climate/exxon-oil-disinformation-house-probe.html?referringSource=articleShare,3
https://www.nytimes.com/2021/05/29/climate/fossil-fuel-courts-exxon-shell-chevron.html?referringSource=articleShare,3
https://finance.yahoo.com/m/bbda0198-4a76-3a3a-b7b7-39a99778754e/biden-should-reject-the.html?soc_src=community&amp;soc_trk=tw,3
https://www.bloomberg.com/news/articles/2021-02-01/exxon-makes-3-billion-carbon-capture-vow-after-climate-pressure,3
https://www.washingtonpost.com/climate-environment/2021/07/02/exxon-climate-change-video-leaked/?outputType=amp,3
https://www.nationofchange.org/2021/08/03/this-looks-like-the-exxon-infrastructure-bill-bipartisan-deal-omits-key-climate-protections/,3
https://www.cnn.com/2021/07/01/business/exxon-tape-video-keith-mccoy/index.html,3
http://eepurl.com/hFeSkj,3
https://gizmodo.com/exxon-may-finally-release-a-climate-plan-that-only-sort-1847437145,2
https://www.nytimes.com/2021/09/30/climate/api-exxon-biden-climate-bill.html?smid=tw-share,2
https://trib.al/ijRk0xU,2
https://www.marketwatch.com/story/biden-should-reject-the-infrastructure-plan-written-by-exxon-and-invest-in-saving-the-climate-instead-11627493086?reflink=mw_share_twitter,2
https://www.currentaffairs.org/2021/07/exxon-admits-capitalism-created-the-climate-crisis?utm_source=pocket-newtab-global-en-GB,2
https://ift.tt/3qAfHQu,2
https://ips-dc.org/biden-should-reject-the-infrastructure-plan-written-by-exxon-and-invest-in-saving-the-climate-instead/,2
https://www.nytimes.com/2021/05/18/climate/single-use-plastic.html?referringSource=articleShare,2
https://msn.com/en-us/news/politics/ocasio-cortez-would-vote-against-bipartisan-infrastructure-bill-over-climate-change/ar-AAQ1Dr6,2
https://www.commondreams.org/news/2021/07/09/warning-against-exxon-infrastructure-deal-progressives-say-jobs-package-must-center,2
https://youtu.be/MnIXSJj0Vm8,2
https://www.nytimes.com/2021/05/29/climate/fossil-fuel-courts-exxon-shell-chevron.html,2
https://www.theguardian.com/world/2021/may/31/guyanese-citizens-challenge-exxon-mobil-offshore-drilling-on-climate-grounds,2
https://www.theverge.com/2021/5/26/22455387/big-oil-gas-shell-exxon-chevron-climate-change?utm_campaign=theverge&amp;utm_content=entry&amp;utm_medium=social&amp;utm_source=twitter,2
https://www.theguardian.com/environment/2021/oct/16/imperial-beach-california-exxon-mobil-climate-crisis,2
http://cls-uk.org.uk/?p=1105,2
https://www.reuters.com/business/energy/iss-backs-three-four-engine-no-1-nominees-exxon-proxy-contest-2021-05-14/,2
https://www.washingtonpost.com/climate-environment/2021/10/28/democrats-accuse-big-oil-execs-obviously-lying-about-climate-change-historic-hearing/,1
https://www.currentaffairs.org/2021/07/exxon-admits-capitalism-created-the-climate-crisis/?fbclid=IwAR0t7OYBCfD5AH8VMoC79BYvyWVDY8h8CROcLup2SJTtVuI54McevmgU8GY,1
https://www.vice.com/en/article/xgd8dw/exxon-accused-lying-climate-science-congressional-hearing?utm_source=email&amp;utm_medium=editorial&amp;utm_content=news&amp;utm_campaign=211029,1
https://www.washingtonpost.com/climate-environment/2021/06/19/exxon-board-karsner-engine1/,1
https://www.washingtonpost.com/climate-environment/2021/06/19/exxon-board-karsner-engine1/?utm_campaign=wp_post_most&amp;utm_medium=email&amp;utm_source=newsletter&amp;wpisrc=nl_most&amp;carta-url=https%3A%2F%2Fs2.washingtonpost.com%2Fcar-ln-tr%2F33dfa94%2F60cf61639d2fdae302875096%2F5972e8b9ae7e8a1cf4b25d81%2F31%2F70%2F60cf61639d2fdae302875096,1
https://www.congressfeed.com/member/RepAOC?from_only=RepAOC,1
https://www.washingtonpost.com/opinions/2021/10/18/manchin-climate-reconciliation-child-allowance/,1
https://www.washingtonpost.com/climate-environment/2021/11/24/exxon-global-warming-climate-skepticism/,1
https://www.twitch.tv/unelectableairwaves,1
https://www.wealthpk.pk/page/pkweb/newsSite.html?newsId=18309&amp;country=en-us,1
https://www.cnn.com/2021/12/23/us/exxon-refinery-baytown-texas/index.html,1
https://www.wpr.org/exxon-lobbyist-caught-video-talking-about-undermining-bidens-climate-push,1
https://www.currentaffairs.org/2021/07/exxon-admits-capitalism-created-the-climate-crisis?link_id=66&amp;can_id=066aa7136361ebf448764357f64bffa6&amp;source=email-the-not-so-magnificent-seven-global-newsletter-52-3&amp;email_referrer=email_1233437&amp;email_subject=nowhere-is-safe-global-newsletter-53,1
https://www.treehugger.com/shell-exxon-chevron-lose-big-on-climate-5186438,1
https://www.datacenterdynamics.com/en/opinions/a-week-in-climate-change/,1
https://www.democracynow.org/2021/7/1/headlines/exxonmobil_lobbyist_tricked_into_disclosing_how_firm_fights_climate_initiatives,1
https://www.cnn.com/2021/05/13/business/exxon-climate-change-harvard/index.html,1
https://www.esquire.com/news-politics/a36903214/exxonmobil-lobbyist-video-climate-action/?source=nl&amp;utm_source=nl_esq&amp;utm_medium=email&amp;date=070121&amp;utm_campaign=nl24309217,1
https://www.esquire.com/news-politics/politics/a38103640/oil-companies-house-oversight-climate-change/,1
https://www.facebook.com/Plant-a-tree-824210087944470/,1
https://www.ftm.nl/artikelen/bp-video-climate-change-1990-engels,1
https://www.google.com/amp/s/www.washingtonpost.com/climate-environment/2021/07/02/exxon-climate-change-video-leaked/%3FoutputType%3Damp,1
https://www.greenmatters.com/p/exxon-knew-about-climate-change?utm_campaign=meetedgar&amp;utm_medium=social&amp;utm_source=meetedgar.com,1
https://www.greenpeace.org/usa/exxon-used-new-york-times-make-question-climate-science/,1
https://www.hedgeaccordingly.com/usnews/engine-no-1-exxon-pick-is-a-different-kind-of-climate-activist/,1
https://www.houstonchronicle.com/business/energy/article/Activist-investor-wins-two-seats-on-Exxon-s-16204885.php?utm_campaign=CMS%20Sharing%20Tools%20(Premium)&amp;utm_source=t.co&amp;utm_medium=referral,1
https://www.houstonchronicle.com/business/energy/article/Exxon-CEO-reiterates-climate-policy-after-16289867.php,1
https://www.huffpost.com/entry/climate-activists-exxon-board_n_60b84b7fe4b02df1ad8743c6,1
https://www.cnn.com/2021/05/26/business/exxon-annual-meeting-climate-oil/index.html,1
https://www.businesspost.ie/b168fc53,1
https://www.channel4.com/news/revealed-exxonmobils-lobbying-war-on-climate-change-legislation?fbclid=IwAR10MYgqx_rryUl78G0idIVDCDQoaORdHrEq0yjBUxI3xATwsHal8gF__uU,1
https://www.bloomberg.com/news/articles/2021-05-26/tiny-exxon-investor-notches-climate-win-with-two-board-seats,1
https://youtu.be/LHX-dHgh4RQ?list=PLR1VVi2S5xz_CP6dC0Ejd5dcYMPI5ukLz&amp;t=51,1
https://www-washingtonpost-com.cdn.ampproject.org/c/s/www.washingtonpost.com/climate-environment/2021/06/19/exxon-board-karsner-engine1/?outputType=amp,1
https://www-washingtonpost-com.cdn.ampproject.org/v/s/www.washingtonpost.com/climate-environment/2021/07/02/exxon-climate-change-video-leaked/?amp_gsa=1&amp;amp_js_v=a6&amp;outputType=amp&amp;usqp=mq331AQIKAGwASCAAgM%3D#amp_tf=From%20%251%24s&amp;aoh=16257094697043&amp;csi=0&amp;referrer=https%3A%2F%2Fwww.google.com&amp;ampshare=https%3A%2F%2Fwww.washingtonpost.com%2Fclimate-environment%2F2021%2F07%2F02%2Fexxon-climate-change-video-leaked%2F,1
https://www.abc.net.au/news/2021-05-27/climate-environment-shell-chevron-exxon/100169518,1
https://www.abc.net.au/news/2021-05-27/climate-environment-shell-chevron-exxon/100169518?utm_campaign=news-article-share-control&amp;utm_content=twitter&amp;utm_medium=content_shared&amp;utm_source=abc_news_web,1
https://www.aljazeera.com/economy/2021/5/26/exxon-investor-scores-historic-climate-win-with-two-board-seats,1
https://www.axios.com/exxon-darren-woods-comments-climate-change-b632a0f3-faf9-4a9a-a01d-2adc56527ae0.html,1
https://youtu.be/FeHSmYvZuXM,1
https://yhoo.it/3wAYQP5,1
https://www.youtube.com/watch?v=zr03NTUdP_k,1
https://www.wsj.com/articles/the-climate-yawns-at-exxon-coup-11622586147?reflink=desktopwebshare_twitter,1
https://www.bloomberg.com/news/articles/2021-02-01/exxon-makes-3-billion-carbon-capture-vow-after-climate-pressure?cmpid=BBD020221_GREENDAILY&amp;utm_medium=email&amp;utm_source=newsletter&amp;utm_term=210202&amp;utm_campaign=greendaily,1
https://www.bloomberg.com/news/articles/2021-02-22/exxon-pushed-by-activist-investor-to-set-net-zero-climate-goal,1
https://www.bloomberg.com/news/articles/2021-07-19/chevron-s-carbon-capture-struggle-shows-big-oil-s-climate-hurdle,1
https://www.businessinsider.com/exxonmobil-lobbyist-climate-change-green-biden-infrastructure-bbc-channel-4-2021-6?utm_source=reddit.com,1
https://www.bloomberg.com/news/articles/2021-08-02/exxon-s-declining-output-is-a-boon-to-profits-and-climate-chart?srnd=premium,1
https://www.bloomberg.com/news/articles/2021-08-06/exxon-mobil-suspended-from-international-conservation-alliance,1
https://www.bloomberg.com/news/articles/2021-09-07/exxon-to-have-gas-graded-for-methane-leaks-amid-climate-scrutiny,1
https://www.wsj.com/articles/oil-giants-are-dealt-devastating-blows-on-climate-change-as-pressures-intensify-11622065455?reflink=desktopwebshare_twitter,1
https://www.bloomberg.com/news/articles/2021-09-30/exxon-parts-with-lobbyist-recorded-detailing-anti-climate-plans?cmpid=BBD100121_GREENDAILY&amp;utm_medium=email&amp;utm_source=newsletter&amp;utm_term=211001&amp;utm_campaign=greendaily,1
https://www.bloomberg.com/news/articles/2021-12-01/exxon-pledges-to-reduce-greenhouse-gas-emissions-20-by-2030?utm_content=climate&amp;utm_campaign=socialflow-organic&amp;utm_medium=social&amp;utm_source=twitter&amp;cmpid=socialflow-twitter-climate,1
https://www.bloomberg.com/opinion/articles/2021-05-19/iea-climate-report-challenges-exxon-and-blackrock?sref=kOk687Pk,1
https://www.bloomberg.com/opinion/articles/2021-05-27/exxon-lost-a-climate-proxy-fight,1
https://www.bloomberg.com/opinion/articles/2021-09-15/chevron-climate-strategy-asks-what-wouldn-t-exxon-do,1
https://www.bloombergquint.com/business/exxon-appoints-climate-conscious-hedge-fund-mogul-ubben-to-board,1
https://www.businessgreen.com/news-analysis/4041455/major-players-climate-arena-industry-break-away-fossil-fuel-marketing-past,1
https://www.wsj.com/articles/exxon-considers-pledging-net-zero-carbon-by-2050-11628161201?mod=flipboard,1
https://www.wsj.com/articles/activist-wins-exxon-board-seats-after-questioning-oil-giants-climate-strategy-11622050087?mod=hp_lead_pos1,1
https://www.huffpost.com/entry/exxon-mobil-climate-change-board-members_n_60af0443e4b0d56a83f2bfdd,1
https://www.reuters.com/article/us-exxon-mobil-lawsuit-massachusetts-idUSKCN2DZ2Q2,1
https://www.independent.co.uk/climate-change/news/senate-oil-exxon-shell-carbon-emissions-b1904044.html,1
https://www.reuters.com/article/us-exxon-mobil-climate/exxon-unveils-carbon-removal-tech-venture-in-green-image-push-idUSKBN2A13S2,1
https://www.nytimes.com/2021/06/23/magazine/exxon-mobil-engine-no-1-board.html,1
https://www.theatlantic.com/science/archive/2021/06/wall-streets-skirmish-with-big-oil-exxons-climate-fight/619070/,1
https://www.theage.com.au/national/victoria/exxon-set-to-close-altona-refinery-350-jobs-at-risk-20210210-p5711w.html,1
https://www.nytimes.com/2021/06/30/climate/exxon-greenpeace-lobbyist-video.html?action=click&amp;module=In%20Other%20News&amp;pgtype=Homepage,1
https://www.nytimes.com/2021/06/30/climate/exxon-greenpeace-lobbyist-video.html?smid=tw-share,1
https://www.nytimes.com/2021/07/02/climate/congress-exxon-climate-change.html,1
https://www.nytimes.com/2021/07/02/climate/congress-exxon-climate-change.html?referringSource=articleShare,1
https://www.scientificamerican.com/article/lets-start-naming-climate-related-disasters-for-polluters-and-their-enablers/,1
https://www.schwartzreport.net/exxon-influenced-senators-carved-climate-out-of-infrastructure-almost-entirely/,1
https://www.nytimes.com/2021/09/16/climate/exxon-oil-disinformation-house-probe.html?smid=em-share,1
https://www.nytimes.com/2021/09/30/climate/api-exxon-biden-climate-bill.html,1
https://www.nytimes.com/2021/09/30/climate/api-exxon-biden-climate-bill.html?referringSource=articleShare,1
https://www.nytimes.com/2021/09/30/climate/api-exxon-biden-climate-bill.html?referringSource=articleShare&amp;fbclid=IwAR05yOW8-Xn48nBuK9Nz5EGSI4F8YxcZNyPCIhiLwdIxil58wRylo6z_vOk,1
https://www.robinspost.com/news/politics-news/presidential-election-campaign-news/1391374-potus-news-exxon-lobbyist-pressured-lawmakers-to-remove-climate-measures-from-biden-s-initial-2-trillion-infrastructure-plan-report-says.html,1
https://www.nytimes.com/2021/10/15/climate/clean-energy-program-manchin.html?smid=tw-nytimes&amp;smtyp=cur,1
https://www.nytimes.com/interactive/2021/09/26/climate/ida-oil-spills.html?referringSource=articleShare,1
https://www.politico.com/news/2021/04/20/investors-corporate-climate-lobbying-activity-483429,1
https://www.politico.com/news/2021/05/13/green-schism-biden-climate-plan-488037,1
https://www.reuters.com/legal/litigation/connecticut-climate-suit-against-exxon-sent-back-state-court-2021-06-03/,1
https://www.politicususa.com/2021/07/12/tm-exxon-lobbyist-quiet-part-out-loud-leaked-video.html,1
https://www.politicususa.com/2021/07/12/tm-exxon-lobbyist-quiet-part-out-loud-leaked-video.html/amp,1
https://www.politicususa.com/2021/10/28/aoc-gets-exxon-ceo-to-admit-sabotaging-climate-change-provisions-in-build-back-better.html,1
https://www.reuters.com/breakingviews/wanted-exxon-like-activism-top-aussie-polluter-2021-09-23/?taid=614c09e4a5c42200013c725d&amp;utm_campaign=trueanthem&amp;utm_medium=trueanthem&amp;utm_source=twitter,1
https://www.reddit.com/r/climate/comments/ov969b/exxoninfluenced_senators_carved_climate_out_of/?utm_source=share&amp;utm_medium=ios_app&amp;utm_name=iossmf,1
https://www.reddit.com/r/politics/comments/ob70j0/exxon_lobbyist_pressured_lawmakers_to_remove/?utm_source=ifttt,1
https://www.reddit.com/r/politics/comments/ob70j0/exxon_lobbyist_pressured_lawmakers_to_remove/?utm_source=share&amp;utm_medium=ios_app&amp;utm_name=iossmf,1
https://www.reddit.com/r/politics/comments/owd09f/exxoninfluenced_senators_carved_climate_out_of/?utm_source=ifttt,1
https://www.reddit.com/r/worldnews/comments/odxoc4/exxon_lobbyist_details_efforts_to_blunt_bidens/?utm_source=dlvr.it&amp;utm_medium=twitter,1
https://www.renewableenergymagazine.com/biofuels/exxonmobil-introduces-renewable-diesel-process-technology-20210907?utm_campaign=newsletterRenewableEnergyMagazine&amp;utm_medium=newsletterClick&amp;utm_source=General+newsletter+2021-09-10,1
https://www.nytimes.com/2021/06/09/business/exxon-mobil-engine-no1-activist.html?referringSource=articleShare,1
https://www.nytimes.com/2021/06/01/opinion/exxon-mobil-board.html?smid=tw-share,1
https://www.theatlantic.com/science/archive/2021/06/wall-streets-skirmish-with-big-oil-exxons-climate-fight/619070/?utm_source=feed,1
https://www.newsweek.com/exxonmobil-lobbyist-joe-manchin-kingmaker-11-senators-targeted-climate-change-1605865?amp=1&amp;__twitter_impression=true,1
https://www.investors.com/news/exxon-stock-investor-showdown-annual-meeting-climate-change-board-vote/,1
https://www.marketwatch.com/news/story.asp?guid=%7B20C05575-04D4-B545-7566-1402007404FD%7D&amp;siteid=rss&amp;rss=1,1
https://www.theguardian.com/environment/2021/oct/16/imperial-beach-california-exxon-mobil-climate-crisis?CMP=Share_AndroidApp_Other,1
https://www.marketwatch.com/story/biden-should-reject-the-infrastructure-plan-written-by-exxon-and-invest-in-saving-the-climate-instead-11627493086?siteid=yhoof2,1
https://www.theguardian.com/environment/2021/oct/14/congress-hearing-oil-exxon-bp-shell-chevron,1
https://www.msn.com/en-us/news/politics/bipartisan-bill-leaves-out-key-climate-clean-energy-steps/ar-AAMRZqB?li=BBnb7Kz,1
https://www.msn.com/en-us/news/politics/exxon-lobbyist-pressured-lawmakers-to-remove-climate-measures-from-biden-s-initial-2-trillion-infrastructure-plan-report-says/ar-AALDsST?ocid=winp-st,1
https://www.theguardian.com/environment/2021/nov/04/dark-secrets-big-oil-climate-pledges-greenwashing,1
https://www.theguardian.com/environment/2021/jun/30/climate-crisis-crime-fossil-fuels-environment,1
https://www.theguardian.com/environment/2021/jun/30/climate-crimes-oil-and-gas-environment,1
https://www.nationofchange.org/2021/08/03/this-looks-like-the-exxon-infrastructure-bill-bipartisan-deal-omits-key-climate-protections/#.YQm8Sukzigs.twitter,1
https://www.nationofchange.org/2021/08/03/this-looks-like-the-exxon-infrastructure-bill-bipartisan-deal-omits-key-climate-protections/#.YQmVpOI8I-w.twitter,1
https://www.nationofchange.org/2021/09/10/top-5-meat-and-dairy-companies-match-exxon-in-greenhouse-gas-emissions/,1
https://www.theguardian.com/environment/2021/jul/02/scientists-climate-crisis-big-oil-climate-crimes,1
https://www.nytimes.com/2021/05/29/climate/fossil-fuel-courts-exxon-shell-chevron.html?action=click&amp;module=Spotlight&amp;pgtype=Homepage,1
https://www.npr.org/2021/07/01/1012138741/exxon-lobbyist-caught-on-video-talks-about-undermining-bidens-climate-push?utm_campaign=npr&amp;utm_medium=social&amp;utm_term=nprnews&amp;utm_source=facebook.com&amp;fbclid=IwAR2Gj3P-LierhKdYclaTUsEpfuuEQp-P_YRoa85uDxdg0eN_YzANvS7bvbI,1
https://www.theguardian.com/environment/2021/dec/04/exxon-podasts-oil-company-ads-climate-crisis,1
https://www.npr.org/2021/07/01/1012138741/exxon-lobbyist-caught-on-video-talks-about-undermining-bidens-climate-push?utm_term=nprnews&amp;utm_source=twitter.com&amp;utm_medium=social&amp;utm_campaign=npr,1
https://www.theguardian.com/environment/2021/aug/17/exxon-oil-drilling-guyana-disaster-risk,1
https://www.theguardian.com/commentisfree/2021/sep/16/exxon-fossil-fuel-companies-pay-climate-crisis-cop26-summit,1
https://www.npr.org/2021/10/27/1047583610/once-again-the-u-s-has-failed-to-take-sweeping-climate-action-heres-why,1
https://www.npr.org/2021/11/07/1051892092/guyana-climate-change-exxon-co26,1
https://www.nytimes.com/2021/02/02/business/energy-environment/exxon-mobil-bp-2020-loss.html?smid=tw-share,1
https://www.theguardian.com/commentisfree/2021/oct/27/climate-crisis-villains-americas-dirty-dozen,1
https://www.thechemicalengineer.com/news/landmark-court-ruling-will-see-shell-reduce-emissions-by-45-by-2030/,1
https://www.nytimes.com/2021/05/26/business/exxon-mobil-climate-change.html,1
https://www.nytimes.com/2021/05/26/business/exxon-mobil-climate-change.html?action=click&amp;module=Top%20Stories&amp;pgtype=Homepage,1
https://uncensorednews.us/carbon-lobby,1
https://www.thestreet.com/investing/stocks/exxon-mobil-upgraded-to-overweight-at-jp-morgan-chase,1
http://Automobilnews.eu,1
https://twitter.com/tweetsofsandra/status/1410907881818497028/photo/1,1
https://eastautonews.com/total-wins-support-for-its-climate-plan-rebranding-after-setbacks-for-exxon-shell-east-auto-news/,1
https://flip.it/Sipf8z,1
https://flip.it/Q..LkZ,1
https://flip.it/PXhz1o,1
https://flip.it/JNbIUC,1
https://flip.it/2.75w4,1
https://finance.yahoo.com/m/bbda0198-4a76-3a3a-b7b7-39a99778754e/biden-should-reject-the.html?soc_src=social-sh&amp;soc_trk=tw&amp;tsrc=twtr,1
https://edition.cnn.com/2021/06/02/investing/exxon-shareholders-climate-activist/index.html?utm_term=1622722753559e48b5f123d7b&amp;utm_source=cnn_Before+the+Bell+Thursday+6%2F3&amp;utm_medium=email&amp;bt_ee=b5Sc%2F%2ButyZb0uF5HHia2bl6XXx2vcdM0zHFehIB4ohOSERVqMKmmhsY%2Bmpi2YKHk&amp;bt_ts=1622722753561,1
https://edition.cnn.com/2021/05/26/business/exxon-annual-meeting-climate-oil/index.html,1
https://earther.gizmodo.com/exxon-and-chevron-reportedly-considered-becoming-an-oil-1846173309,1
https://buff.ly/3rQwdfG,1
https://documented.net/media/exxon-lobbyist-sees-no-catastrophic-inevitable-risk-from-climate-change,1
https://docu.team/s33139/i204397,1
https://currentnewsbulletin.com/climate-news/wall-street-rebels-against-exxon/,1
https://cleantechnica.com/2021/11/04/exxon-chevron-toyota-are-the-largest-anti-climate-lobbyists-says-influencemap/?utm_source=dlvr.it&amp;utm_medium=twitter,1
https://cleantechnica.com/2021/07/05/exxon-lobbyist-claims-company-has-11-senators-in-its-pocket/,1
https://ccradar.org/stories/b6506cd9daabe4000d2046adc9d336c5,1
https://buytechnow.co.uk/exxon-reportedly-weighs-climate-plan-to-be-net-zero-by-2050/,1
https://businesshala.com/opinion-biden-should-reject-the-infrastructure-plan-written-by-exxon-and-invest-in-saving-the-climate-instead/,1
https://flip.it/oNmoy0,1
https://foreignpolicy.com/2021/06/03/big-oil-shell-exxon-chevron-emissions-climate-change-production-supply-demand-cuts-risks/,1
https://frontlinefever.com/total-wins-support-for-its-climate-plan-rebranding-after-setbacks-for-exxon-shell/,1
https://gizmodo.com/lawyer-who-sued-treasury-department-for-exxon-nominated-1847062686,1
https://ift.tt/3rJV84q,1
https://ift.tt/3loWuAr,1
https://ift.tt/3cBHAm7,1
https://ift.tt/3A22RxP,1
https://ift.tt/2VsG1jK,1
https://ift.tt/2VljLbQ,1
https://i.insider.com/60dccce4a08b100012b419a7?width=1200&amp;format=jpeg,1
https://heated.world/p/exxon-is-still-denying-climate-scienceincluding,1
https://heated.world/p/a-lie-for-a-lie-makes-exxon-cry?r=5nrxg&amp;utm_campaign=post&amp;utm_medium=email&amp;utm_source=copy,1
https://heated.world/p/a-lie-for-a-lie-makes-exxon-cry,1
https://haqueonline.com/total-wins-support-for-its-climate-plan-rebranding-after-setbacks-for-exxon-shell/,1
https://handshake4u.in/total-wins-support-for-its-climate-plan-rebranding-after-setbacks-for-exxon-shell/,1
https://guncelkal.net/2021/06/30/exxon-lobbyist-pressured-lawmakers-to-remove-climate-measures-from-bidens-initial-2-trillion-infrastructure-plan-report-says/,1
https://grist.org/fix/engine-1-exxon-insurgency-suggests-bottom-line-big-oil-climate-revolution/,1
https://grist.org/accountability/how-exxon-sabotages-climate-legislation-lobbyist/,1
https://gizmodo.com/texas-is-letting-shell-exxon-and-other-oil-producers-1847516033?utm_medium=sharefromsite&amp;utm_source=_twitter,1
https://gizmodo.com/texas-is-letting-shell-exxon-and-other-oil-producers-1847516033,1
https://buff.ly/3wbNGjj,1
https://buff.ly/3p5Htn5,1
https://twitter.com/theluckyman/status/1410343780981493760/photo/1,1
http://dlvr.it/S2wfQb,1
http://ow.ly/UXy650DCJC9,1
http://ow.ly/S7IO1034zi5,1
http://mtr.cool/kckygsvkjf,1
http://feedproxy.google.com/~r/businessinsider/~3/fkXxeJECvug/exxonmobil-lobbyist-climate-change-green-biden-infrastructure-bbc-channel-4-2021-6?utm_source=dlvr.it&amp;utm_medium=twitter,1
http://esqr.co/T0tXMMh,1
http://dlvr.it/SBwChB,1
http://dlvr.it/S4yj67,1
http://dlvr.it/S4yJb0,1
http://dlvr.it/S2p6ky,1
https://briefly.co/anchor/Left_wing_politics/story/exxon-influenced-senators-carved-climate-out-of-infrastructure-almost-entirely?twitterHighlight=true&amp;f=caerphilly&amp;utm_source=Twitter&amp;utm_medium=autotweet&amp;utm_content=unhighlighted&amp;utm_campaign=Left_wing_politics,1
http://dlvr.it/S2p6W3,1
http://dlvr.it/S2p6Ng,1
http://dlvr.it/S0tgzw,1
http://dlvr.it/S0tgpj,1
http://dlvr.it/Rtkfnb,1
http://dlvr.it/Rrr9Bb,1
http://dld.bz/jwBrh,1
http://bit.ly/Oil_Sol,1
http://ow.ly/viuY50DslFY,1
http://redfortyeight.com/2021/07/31/exxon-influenced-senators-carved-climate-out-of-infrastructure-almost-entirely/,1
http://www.marketwatch.com/news/story.asp?guid=%7B20C05575-04D4-B545-7566-1402007404FD%7D&amp;siteid=rss&amp;rss=1&amp;gfgi,1
https://act.350.org/letter/never-exxon-pledge,1
https://briefly.co/anchor/Business/story/analysis--chevrons-climate-question-what-wouldnt-exxon-do?hl=1&amp;f=serrano&amp;utm_source=Twitter&amp;utm_medium=autotweet&amp;utm_content=unhighlighted&amp;utm_campaign=Business,1
https://bit.ly/3ygOK7d,1
https://bit.ly/3vsoo0V,1
https://bit.ly/3hjVCJK,1
https://bit.ly/3dpunMF,1
https://automobilnews.eu/total-wins-support-for-its-climate-plan-rebranding-after-setbacks-for-exxon-shell-news-by-automobilnews-eu/,1
https://autoblog.lighthousetribune.com/2021/07/30/exxon-influenced-senators-carved-climate-out-of-infrastructure-almost-entirely/,1
https://autoblog.lighthousetribune.com/2021/07/30/exxon-influenced-senators-carved-climate-out-of-infrastructure-almost-entirely-2/,1
https://autoblog.lighthousetribune.com/2021/07/09/warning-against-exxon-infrastructure-deal-progressives-say-jobs-package-must-center-climate/,1
https://atmos.earth/climate-change-justice-victories-wins-2021,1
https://apple.news/AmMENpWslROuxae9UC5w2ZA,1
https://apple.news/AQ9afU3sdQTi73cUFOsUU2Q,1
https://apple.news/AJlppiu6vSBWqkOSfPVys7Q,1
https://apple.news/A5HFRyJlMQsSspGUWDHKT8g,1
https://ahgnews.com/politics/wall-streets-skirmish-with-big-oil-exxons-climate-fight/,1
https://actionnetwork.org/forms/sign-the-petition-to-wall-street-president-biden-defund-climate-chaos?source=twitter&amp;,1
https://act.350.org/letter/never-exxon-pledge?akid=s2021606..COBZhH,1
https://ift.tt/3ykIsDe,1
https://ift.tt/3yoqyPV,1
https://impactalpha.com/exxons-shareholder-drama-is-only-beginning-of-the-endgame-for-oil-giant/,1
https://twitter.com/25_cycle/status/1379473129806913538/photo/1,1
https://twitter.com/Forbes/status/1432341901248761859/video/1,1
https://twitter.com/EcoTopicalNews/status/1422596146673840134/photo/1,1
https://twitter.com/DankLeftScum/status/1422192581828661251/photo/1,1
https://twitter.com/CleanAcresCTC/status/1456356848861253632/photo/1,1
https://twitter.com/CeliaFateEsq/status/1410336178037997571/photo/1,1
https://twitter.com/Angisjohnson/status/1450346095406583809/photo/1,1
https://twitter.com/AndyVermaut/status/1411882301638680576/photo/1,1
https://twitter.com/AhmadNorMaulana/status/1410343847956148224/photo/1,1
https://truthout.org/wp-content/uploads/2018/05/2021_0730-portman-sinema-1200x675.jpg,1
https://insideclimatenews.org/news/08062017/exxon-climate-fraud-rex-tillerson-erased-wayne-tracker-emails-witness/,1
https://truthout.org/video/exxon-lobbyists-tricked-into-naming-senators-they-use-to-block-climate-action/,1
https://truthout.org/video/exxon-lobbyists-tricked-into-naming-senators-they-use-to-block-climate-action,1
https://truthout.org/articles/manchin-obstructs-climate-progress-as-his-family-is-hit-by-unbelievable-storms/,1
https://trib.al/yfMaQaz,1
https://trib.al/umZmz0M,1
https://trib.al/pDB9nl1,1
https://trib.al/VvHdlDm,1
https://trib.al/LBCklLd,1
https://twitter.com/GetWisdomDude/status/1450272380769738760/photo/1,1
https://twitter.com/Mbrizzw/status/1399931044833370119/photo/1,1
https://twitter.com/MollyJongFast/status/1411126075984420867,1
https://twitter.com/MyMobiApps1/status/1423693234816135178/photo/1,1
https://twitter.com/rtehrani/status/1356996447690924035/photo/1,1
https://twitter.com/pk_wealth/status/1390531986121543682/photo/1,1
https://twitter.com/mirandacgreen/status/1456683140940959752/photo/1,1
https://twitter.com/mazmhussain/status/1424022302442889219,1
https://twitter.com/masplawn/status/1418482288690700290/photo/1,1
https://twitter.com/lord_reags/status/1454681272777723904/video/1,1
https://twitter.com/jaygirl1980/status/1424678297854676992,1
https://twitter.com/gezgintrk/status/1456358680765607947/photo/1,1
https://twitter.com/dcombest/status/1410795394875936768/photo/1,1
https://twitter.com/cpaforjustice/status/1410563045684875271,1
https://twitter.com/bfbuschi/status/1422479300046041088/photo/1,1
https://twitter.com/bendepear/status/1410660169860751364/photo/1,1
https://twitter.com/USRealityCheck/status/1400768836996153348/photo/1,1
https://twitter.com/SylTRS/status/1416058161824473093/photo/1,1
https://twitter.com/Suscuss1/status/1380486202554515456/photo/1,1
https://twitter.com/SPORTSCIRCUSINT/status/1410344420063408130/photo/1,1
https://twitter.com/PlanetRecycle4U/status/1453985442681040899/photo/1,1
https://trib.al/HTtCmR5,1
https://trib.al/EbDMGoo,1
https://trib.al/DOwoA3W,1
https://qz.com/1967635/exxons-carbon-capture-climate-plan-is-too-little-too-late/,1
https://politi.co/2Sw2Q4K,1
https://onedayexam.site/total-wins-support-for-its-climate-plan-rebranding-after-setbacks-for-exxon-shell/,1
https://nyti.ms/3fMzLLL,1
https://nyti.ms/2TinHc6,1
https://newsians.com/total-wins-support-for-its-climate-plan-rebranding-after-setbacks-for-exxon-shell/,1
https://news.yahoo.com/exxon-lobbyist-pressured-lawmakers-remove-203316615.html?soc_src=social-sh&amp;soc_trk=tw&amp;tsrc=twtr,1
https://news.yahoo.com/bipartisan-bill-leaves-key-climate-040537189.html?soc_src=social-sh&amp;soc_trk=tw&amp;tsrc=twtr,1
https://newrepublic.com/article/162901/biden-white-house-exxon-infrastructure?utm_medium=Social&amp;utm_campaign=EB_TNR&amp;utm_source=Twitter#Echobox=1625264317,1
https://mymobiapps.com/exxon-reportedly-weighs-climate-plan-to-be-net-zero-by-2050/,1
https://lnkd.in/gw_UzSW,1
https://lnkd.in/g5UWYH3p,1
https://lighthousetribune.com/autoblogbot/warning-against-exxon-infrastructure-deal-progressives-say-jobs-package-must-center-climate/,1
https://jaunenglish.com/total-wins-support-for-its-climate-plan-rebranding-after-setbacks-for-exxon-shell/,1
https://inthesetimes.com/article/exxonmobil-texas-lockout-sunrise-movement-climate-change?utm_source=Energy+News+Network+daily+email+digests&amp;utm_campaign=d37a6b6e89-EMAIL_CAMPAIGN_2020_05_11_11_46_COPY_01&amp;utm_medium=email&amp;utm_term=0_724b1f01f5-d37a6b6e89-89281355,1
https://inthesetimes.com/article/exxon-facebook-instagram-advertising-fracking-climate-fossil-fuels,1
https://insideclimatenews.org/news/17092015/exxon-believed-deep-dive-into-climate-research-would-protect-its-business/,1
https://insideclimatenews.org/news/12102021/trans-alaska-pipeline-climate-change-floods/,1
https://pulse2.com/xom-stock-price-nyse-exxon-mobile-56-target/,1
https://readersupportednews.org/opinion2/277-75/70716-biden-should-reject-the-infrastructure-plan-written-by-exxon-and-invest-in-saving-the-climate-instead,1
https://trib.al/BoTAvO4,1
https://reneweconomy.com.au/shell-exxon-and-chevron-stunned-by-courts-and-shareholders-in-climate-blitz/,1
https://trib.al/9kUflPa,1
https://trib.al/9Tm3F4r,1
https://trib.al/85pEFBC,1
https://tmblr.co/ZptQtiaYL9qLay00,1
https://tmblr.co/ZRRczraZj8pziu00,1
https://tmblr.co/ZRRczraYmxyn0y01,1
https://thenarwhal.ca/us-oil-gas-climate-crisis-lawsuits/?utm_source=The+Narwhal+Newsletter&amp;utm_campaign=52d9da1a01-July+8+2021+%E2%80%94+Newsletter+%E2%80%94+members&amp;utm_medium=email&amp;utm_term=0_f6a05fddb8-52d9da1a01-105895427,1
https://thehill.com/policy/energy-environment/560020-judge-denies-exxon-bid-to-halt-massachusetts-climate-case,1
https://thehill.com/opinion/energy-environment/561588-the-3-big-climate-leaks-you-need-to-know-about,1
https://thehill.com/changing-america/sustainability/climate-change/549814-new-york-city-sues-oil-giants-exxon-bp-and,1
https://theconversation.com/what-big-oil-knew-about-climate-change-in-its-own-words-170642?utm_source=twitter&amp;utm_medium=bylinetwitterbutton,1
https://theconversation.com/amp/i-was-an-exxon-funded-climate-scientist-49855,1
https://thebrick.house/feigning-shock-over-lobbyist-comments-exxonmobil-continues-funding-climate-denial-groups/,1
https://soundcloud.com/user-830442635/using-the-law-to-fight-global-warming-and-climate-change-denial,1
https://seekingalpha.com/article/4454523-exxon-mobil-attitude-towards-climate-change-could-harm-them-long-term?source=feed_f&amp;utm_campaign=twitter_automated&amp;utm_content=article&amp;utm_medium=social&amp;utm_source=twitter_automated,1
https://reut.rs/3vqcqEY,1
https://reut.rs/3bQsK9e,1
https://twitter.com/dubvNOW/status/1420443637910020106/photo/1,1
