urls,0
https://t.co/3nsLJnHX5j?,5
https://t.co/qBnagVh9b6?,4
https://t.co/1gdN6oVSf3,4
https://t.co/1gdN6oEgQt,4
https://t.co/i0LHDRlEtX,4
https://t.co/RvJarwBD9X?,3
https://t.co/d8BZoKfzKf?,3
https://t.co/ihH7KvvhnN?,3
https://t.co/HPnz0vYfST?,3
https://t.co/YFt8qDONZP,3
https://t.co/GOD5gQ4MVR?,3
https://t.co/WPvrTHyrze?,3
https://t.co/F5fvUAhQyy?,3
https://t.co/SMk7Y7QDqd?,3
https://t.co/SAKgz7OEZy?,3
https://t.co/U0c02NjyW2?,3
https://t.co/t0OXoB129g?,3
https://t.co/zlf9KFFzVU?,3
https://t.co/xdHnrDJvMf?,3
https://t.co/6EJy9gO6o2?,3
https://t.co/OD7YqPO5SP?,2
https://t.co/LroeI6kSZd?,2
https://t.co/LsuCEFgqqu?,2
https://t.co/MbR5Wi0Xg7?,2
https://t.co/R1pt0uHTsJ,2
https://t.co/Mzvgg6HiGz?,2
https://t.co/QafFuRpbFg?,2
https://t.co/QXqTQeLcvk?,2
https://t.co/KkCoj0X4OB?,2
https://t.co/KlGqbc9I4A?,2
https://t.co/TmCw6Rpgdg?,2
https://t.co/K7nBNZ8DWv?,2
https://t.co/JzfUZO5h6d?,2
https://t.co/72LR8im0AF?,2
https://t.co/84aABnJor4,2
https://t.co/96qKRucCt8?,2
https://t.co/A8QP2i6Pc3?,2
https://t.co/Aj71yEvHQS?,2
https://t.co/BbzhzpiwZI?,2
https://t.co/Dd4BXvYLZB?,2
https://t.co/E8X80d3Hr6?,2
https://t.co/EK1VeQxMs5?,2
https://t.co/FdFl5lZLTn?,2
https://t.co/H7CQ1JrjTu?,2
https://t.co/HZiinjEuQo?,2
https://t.co/IE6hmEeyHX?,2
https://t.co/J3L3PWQ4MG,2
https://t.co/Rh18iLNPED?,2
https://t.co/JqtuajrwR6?,2
https://t.co/UAbOtU6rrv?,2
https://t.co/RnfWm6H6r0?,2
https://t.co/kXsDGZv8Y6?,2
https://t.co/ztA79jm0VB?,2
https://t.co/wrNBqlBHv7?,2
https://t.co/vKyZrpKZRV,2
https://t.co/uYM2Suok3y?,2
https://t.co/uTzksslR28?,2
https://t.co/r3gwdnOD5w?,2
https://t.co/qXnQZkTxRk,2
https://t.co/qJmw4sTyrd?,2
https://t.co/pkullWwGJP?,2
https://t.co/oZQbZNHwyV?,2
https://t.co/o15SuZxy3r?,2
https://t.co/n4nKJ8XF6H?,2
https://t.co/mQQKzesknY?,2
https://t.co/keUgwdJWrF?,2
https://t.co/jQzZRZqqv6?,2
https://t.co/SXVVfzR4DS?,2
https://t.co/iWwOkg75pW?,2
https://t.co/i3WZCsiLIt?,2
https://t.co/he4oHZWxKL?,2
https://t.co/hAKvnmdgIQ?,2
https://t.co/grii8g3EyF?,2
https://t.co/gQvgMK1ki8?,2
https://t.co/edEl1lLarT?,2
https://t.co/e36mKStnFp,2
https://t.co/c7PVtKBbhn?,2
https://t.co/bxDp8e3NGn,2
https://t.co/WyIJ8wr6UQ?,2
https://t.co/Un9tNdnfXp?,2
https://t.co/Tis8xcCJ8e?,2
https://t.co/SohmH4cGlF?,2
https://t.co/72LR8i4pc5?,2
https://t.co/zvgqSqzmG3?,2
https://t.co/1Zk40ByoVK?,2
https://t.co/2bwL1tGIJY?,2
https://t.co/5GRubo08BM?,2
https://t.co/1T05JV1hZx,2
https://t.co/2O9dv9q6tk?,2
https://t.co/0VV2usaOQG?,2
https://t.co/1yzIPPOoUy?,2
https://t.co/5kc4jkZJXr?,2
https://t.co/5KW9Lv68Hn?,2
https://t.co/0pJyPuN7DU,2
https://t.co/08hfC9kpKI?,2
https://t.co/1xeXUeGtmV,1
https://t.co/g2ye8hSCmG,1
https://t.co/fmz8o2iDlB?,1
https://t.co/fskiTNAXHK?,1
https://t.co/fvYOlY1CNb,1
https://t.co/gz5DFfrMJe?,1
https://t.co/fvZnGaQWjF?,1
https://t.co/gxWMf7NBYW,1
https://t.co/g1FW4DewF7?,1
https://t.co/1wI3fi1wcY,1
https://t.co/gONjtS6RmA,1
https://t.co/g6ZpTHpcB4,1
https://t.co/g6zKI53JXr,1
https://t.co/gbK7dMwhlR?,1
https://t.co/gAXj4Ctw8d?,1
https://t.co/gbICS7bmgI,1
https://t.co/gN7nM946Lm,1
https://t.co/ga1K6AhoLG,1
https://t.co/gNPTrWP3YM,1
https://t.co/62fVENiUx2,1
https://t.co/fKErgUsrTu,1
https://t.co/fhgTW68o5k,1
https://t.co/eCVK75GnkL,1
https://t.co/duJgz85l1f?,1
https://t.co/duafg6l2zs,1
https://t.co/dwTgEaM1pz,1
https://t.co/dwiWsgX4iJ?,1
https://t.co/e2Ps4MKrBu,1
https://t.co/e2XBBzGnLp,1
https://t.co/e31vfDirFw,1
https://t.co/2A7wLyid3X?,1
https://t.co/e7nxwaPcsz,1
https://t.co/eLXExnaYJk,1
https://t.co/fe3Xutpo1X,1
https://t.co/eNkq7zA4DN?,1
https://t.co/ednA05vhVd,1
https://t.co/eeMUhMKBMh,1
https://t.co/eepaj03hI1,1
https://t.co/enPxmJJi2p?,1
https://t.co/f5uhs6gzms,1
https://t.co/fFvCRRfmYD,1
https://t.co/h0gGKYJ5Ym?,1
https://t.co/fPdhS6RypK?,1
https://t.co/h01RVk3Vkg?,1
https://t.co/hEu8zMa3W5,1
https://t.co/1mvP9Fyo8O,1
https://t.co/1Sac3NprsL,1
https://t.co/idKmCXlRVD,1
https://t.co/ieg0FzoImW,1
https://t.co/1RzD5O4cLs,1
https://t.co/ikV0MabRDN,1
https://t.co/ikzxil4l7Y,1
https://t.co/ipHHSJSM0g?,1
https://t.co/ipHHSKamRO?,1
https://t.co/itBssAUgFR,1
https://t.co/iwEgDuQcXK,1
https://t.co/jD1yEUqF1r,1
https://t.co/jEilSLL2OG,1
https://t.co/jJHy62zkBz,1
https://t.co/1RZYBEhQmS,1
https://t.co/jST51dJuPv?,1
https://t.co/jezwZUWVYc?,1
https://t.co/jghV2Urs9A?,1
https://t.co/jjV4lvpljT?,1
https://t.co/jk89ityY71?,1
https://t.co/jklb9KgvDk,1
https://t.co/jspRRsd6nR,1
https://t.co/jxAFs0liDX,1
https://t.co/iczTjSElVI?,1
https://t.co/iLE7N6sfdL,1
https://t.co/hCW0yP31YQ,1
https://t.co/iIS7SkdATh,1
https://t.co/hEchpUMZ0F?,1
https://t.co/dqVYlRmXzd,1
https://t.co/hFDLfw8B38?,1
https://t.co/hGdR2LfsvQ?,1
https://t.co/hMRUlKUZhV?,1
https://t.co/hMvTORtO1o,1
https://t.co/hQd4Tc01ct?,1
https://t.co/hX1YKHHdiu,1
https://t.co/ha7G0ipY0u?,1
https://t.co/hbSAdgUtKN,1
https://t.co/hezGaahA3h?,1
https://t.co/hfcP0XnEzq,1
https://t.co/hkwHLpanXC?,1
https://t.co/hlhqEPKRyV,1
https://t.co/hwmkYKBvSu?,1
https://t.co/i08733shqr,1
https://t.co/i0XxpJl2EA,1
https://t.co/i0bVQu2yUu,1
https://t.co/1SbQRDbFb1,1
https://t.co/i7dp2olV8F,1
https://t.co/iGXuE42z3Y,1
https://t.co/dsBRs9tJOe,1
https://t.co/dPI6Ut39l7,1
https://t.co/datV4XiqjL,1
https://t.co/YUHUEE83VQ,1
https://t.co/Yht47YvNZx?,1
https://t.co/YqxrLwT4mG,1
https://t.co/Yyga0zRP1W?,1
https://t.co/Z44UEDelS9,1
https://t.co/Z6K9d6kM3d,1
https://t.co/ZBABmtN48B,1
https://t.co/ZDKx7Cpvvo,1
https://t.co/ZHgztRFc8h,1
https://t.co/ZRJAgOZcYG?,1
https://t.co/ZVk6LJtJ1n,1
https://t.co/ZWTaxBFHtb,1
https://t.co/ZYAolJlgI8,1
https://t.co/ZmXrTK3Fu6?,1
https://t.co/a4gGeuSkkl,1
https://t.co/a5X8o44GxU,1
https://t.co/aCIz1R1y4Z?,1
https://t.co/aHm5SawXWX,1
https://t.co/aJfMk1dj7X,1
https://t.co/aOJMyEAftb,1
https://t.co/aQzp5Ar2vq,1
https://t.co/aVpA4hjDQw,1
https://t.co/YXxHMUMEeZ,1
https://t.co/YQskjE5s94,1
https://t.co/aXLHlxhNCe?,1
https://t.co/YP2HUvYQMx?,1
https://t.co/WyL4FZSDbs?,1
https://t.co/X06WwTsg6M?,1
https://t.co/X1CWnCGF7Y,1
https://t.co/X2Od8bW0JX?,1
https://t.co/XCIHzpwpWy,1
https://t.co/XH3FYaDTJR?,1
https://t.co/XK990Sd2h5,1
https://t.co/XMHTmUVRJO?,1
https://t.co/XNhKRO1s1u,1
https://t.co/XQMaLtFG5s,1
https://t.co/XUbALiTjsd,1
https://t.co/XZWdDzV8Zm?,1
https://t.co/XbKvYPzjTF,1
https://t.co/XltZZCskUl,1
https://t.co/XucbODkvCx,1
https://t.co/XvGV3OeQq1?,1
https://t.co/Y0Iaj2G5Mn,1
https://t.co/Y0Rs0VdJj9?,1
https://t.co/YDGAYBIDNJ,1
https://t.co/YIEbhF3vc0,1
https://t.co/YKQpysNH5x?,1
https://t.co/aWTwSM8BFr,1
https://t.co/adQALvqynp?,1
https://t.co/dVESomAs4L,1
https://t.co/bwrFFbBB0v,1
https://t.co/2LlyDDINEa?,1
https://t.co/c0C6BhOOVN?,1
https://t.co/c5P7sVj18O,1
https://t.co/2FEKbb9NZY,1
https://t.co/c7UKXg76rp?,1
https://t.co/cDea3bhOHM,1
https://t.co/cEkggWKu02,1
https://t.co/cKzhaMvcRO,1
https://t.co/cQqRXVrpRT,1
https://t.co/cVP9fQVUj4?,1
https://t.co/cbZlz8eLLc?,1
https://t.co/ciisCnh8Yj?,1
https://t.co/ctCIzI83KR,1
https://t.co/d2S1QkqJHY,1
https://t.co/d5xWLppcMi?,1
https://t.co/2EIpa7mkNt,1
https://t.co/dBMaSFdtxQ,1
https://t.co/dCl6D6zePr,1
https://t.co/dHpVktOUmg,1
https://t.co/dLyOHJTccQ,1
https://t.co/k4DfAFK2kF?,1
https://t.co/bwt4VfFLLs?,1
https://t.co/budILRqkMz,1
https://t.co/agxGbYbtVD,1
https://t.co/bsUuUkeyGX,1
https://t.co/anX2v4DaIv,1
https://t.co/anX2v4lzQX,1
https://t.co/ap3jOTy50P,1
https://t.co/azv8WuWsJE,1
https://t.co/b3t8wiLstt?,1
https://t.co/b7mvbsXfPY,1
https://t.co/bBerNgdoIg?,1
https://t.co/bFcHdTrOWU,1
https://t.co/bIYlVTIuj7?,1
https://t.co/bNISTcDaLw,1
https://t.co/bON2iKKKBv?,1
https://t.co/bP1cIs0yRL?,1
https://t.co/bRXRopRge3?,1
https://t.co/bVLpzo7Ost?,1
https://t.co/bW1TUeLaJg,1
https://t.co/bXJ2myleYl,1
https://t.co/bdf9KZszQB,1
https://t.co/bhY9CHRfy7?,1
https://t.co/bhsKROY2Yp,1
https://t.co/bjSgIFQiM7,1
https://t.co/bpJyg8QknG?,1
https://t.co/jyuNClmmEW?,1
https://t.co/kG9RWzl4tZ,1
https://t.co/k7n7FwkbGS,1
https://t.co/uJLgoCv7ap?,1
https://t.co/uVKgkZg0E1,1
https://t.co/0PdjuPHDnS,1
https://t.co/ufLEY7XTxc,1
https://t.co/usiuNaPyZ9?,1
https://t.co/utOe6dOllC,1
https://t.co/v1Z1TeDedS?,1
https://t.co/v51Wp413bL,1
https://t.co/v7o1f11n2X,1
https://t.co/vD1EGNdGt0?,1
https://t.co/vDGQ7bvRBC?,1
https://t.co/0OekNSMOom,1
https://t.co/vNcHYvQCk1?,1
https://t.co/vSgXgqCFGt,1
https://t.co/vY1BNdfXdF?,1
https://t.co/vd2AkRoVyl?,1
https://t.co/vgZ9W5r9Js,1
https://t.co/vkAC4cKMZU,1
https://t.co/voVG9wN9Bo,1
https://t.co/vvULurxmNB,1
https://t.co/vvYzmcPK2P?,1
https://t.co/wAsjj2gPtR?,1
https://t.co/0Qrzi1FtO6,1
https://t.co/uD5Ys7heLv,1
https://t.co/wNMiJcPesJ,1
https://t.co/u0FWogsRP1?,1
https://t.co/rtvgUhCf9R,1
https://t.co/russU4YCFj,1
https://t.co/s1v0f4uz4Q,1
https://t.co/s4EayJGg1l?,1
https://t.co/s7FpsyjlWt?,1
https://t.co/sAmknq30P0?,1
https://t.co/sTfDAHgDRZ,1
https://t.co/sbW9dca2lN?,1
https://t.co/siOSPo3TRu,1
https://t.co/skwBxxaetD,1
https://t.co/snq58pHkYx?,1
https://t.co/srCP02eIGE?,1
https://t.co/szaVI3qvNx?,1
https://t.co/t0yEGCHS5g,1
https://t.co/tFDgUtpzQ2,1
https://t.co/tRWaCcEFll,1
https://t.co/tUj5M9axt2?,1
https://t.co/tVac4iiCPd,1
https://t.co/tXOEhoTdC4,1
https://t.co/twbKQ3C4gz,1
https://t.co/tyTvtSocgd,1
https://t.co/wM7Zgpi4L4,1
https://t.co/wPJ6tMbkoP,1
https://t.co/k9X6HmtDNX,1
https://t.co/yIOicc4LnR,1
https://t.co/yJmFxChbbT,1
https://t.co/yJmFxCyM3r,1
https://t.co/yNDNDG1M9T?,1
https://t.co/yt6ozRP19M?,1
https://t.co/ytcRSrrNdB,1
https://t.co/yvceJfpJ3P,1
https://t.co/z1dSjK2Ggt?,1
https://t.co/z9gy0lRlmt,1
https://t.co/zCseEOvNB9,1
https://t.co/zCvIv9iynQ,1
https://t.co/zEwJdYkcpZ,1
https://t.co/zIlFVyqPML,1
https://t.co/zLAUNcxZSW,1
https://t.co/zLSU8skuhI,1
https://t.co/zNj0haYSc3?,1
https://t.co/zPChcmzWKS,1
https://t.co/zRkrPYYUnx,1
https://t.co/zicBxb5Cj9,1
https://t.co/09horkdfHw,1
https://t.co/zptovx1d03?,1
https://t.co/zvGL0j54xR,1
https://t.co/yIriQu38er?,1
https://t.co/yFZ7Aq3fRm,1
https://t.co/wRiKGu1Y6U,1
https://t.co/yEyLnK7fXi?,1
https://t.co/wioebMm9vV,1
https://t.co/wr3p8z0vE5?,1
https://t.co/0LXmjyk4TV,1
https://t.co/wsZfLZHRrw,1
https://t.co/wt3laFAjjq?,1
https://t.co/wtwJNwNpOO,1
https://t.co/wu5qT2hWZ1,1
https://t.co/wxhcecMQfc?,1
https://t.co/x8Zo1xxToe?,1
https://t.co/xIvf5STBZX,1
https://t.co/xSeiEP95wr,1
https://t.co/xYC9Vxdivi?,1
https://t.co/xZRt9bdvrm,1
https://t.co/0Ko5fLQpeq,1
https://t.co/xeVXNESzmp,1
https://t.co/xhwn2Uzpu3,1
https://t.co/xk5wGy4Hyj,1
https://t.co/xosBrhi38N?,1
https://t.co/xpkYiAcBZd,1
https://t.co/xu7MSPRJSp,1
https://t.co/y8X1gZbIiM,1
https://t.co/roDaiPQsvY?,1
https://t.co/rc2wD1U4Ic,1
https://t.co/rbwRNHSwgc?,1
https://t.co/mYLUdLXZW4,1
https://t.co/mbd5ZbT5XV,1
https://t.co/mc9vAM5HUG?,1
https://t.co/mcCOph2kyW,1
https://t.co/md7n3HLVv5,1
https://t.co/mlRqaj0XMJ,1
https://t.co/mmVMABKDIc,1
https://t.co/moRJNpx25f?,1
https://t.co/moXS6mUjun?,1
https://t.co/msHZVh0LzD?,1
https://t.co/mtJtrGfola,1
https://t.co/mtOa89m43b?,1
https://t.co/mzbFcCDlsY,1
https://t.co/1KJVbWz39W,1
https://t.co/nDszFUZSRG,1
https://t.co/nF4XNfQ3VS,1
https://t.co/nHtBaQRmNR,1
https://t.co/nI0PxE4F6A,1
https://t.co/nOMVmxQ6nl,1
https://t.co/nPnwlgNXXD,1
https://t.co/nWeu0biLK7,1
https://t.co/ndyK15SRxa,1
https://t.co/mbUng8qw7o?,1
https://t.co/1MgW8qYPtY,1
https://t.co/rYUUuclWES?,1
https://t.co/m8MJ7mbAVo,1
https://t.co/WvYDFqZNMW,1
https://t.co/kRPUro2aKl,1
https://t.co/kUjLMceeHD,1
https://t.co/kXC6OUOU83,1
https://t.co/1QLxLryLes,1
https://t.co/kdjZ38ReyS,1
https://t.co/1PxT5RfzS4,1
https://t.co/kgUr7pH80N?,1
https://t.co/kqEH6TDr6m?,1
https://t.co/kr9oOnScl0,1
https://t.co/kwtawHErSq,1
https://t.co/kzP3BXalwG,1
https://t.co/l8DfERaIDC,1
https://t.co/l9VqmE033n?,1
https://t.co/la77KDixft?,1
https://t.co/ljJFbKXOha,1
https://t.co/lkBGE2GGhU?,1
https://t.co/lmEByOEzfZ?,1
https://t.co/lsiaLqTznu,1
https://t.co/lurKK1G4yv?,1
https://t.co/m4FqpqqfIu,1
https://t.co/nfVQRNBr72,1
https://t.co/njtAuqyo3E?,1
https://t.co/191EAR9S5j,1
https://t.co/o15XO0CtaI,1
https://t.co/qNcUCZ3JxJ?,1
https://t.co/qOMPPgN8Hr?,1
https://t.co/0h3LD5Z5xo,1
https://t.co/qZnACRChTX?,1
https://t.co/qaK4ABc0jw?,1
https://t.co/qakqGLUcEa,1
https://t.co/qbit7M4rla,1
https://t.co/qchI6lspNp,1
https://t.co/qextVLwf3W?,1
https://t.co/qs1Y4UrCVX,1
https://t.co/qv4cwU5CFo?,1
https://t.co/qxOXRu5Enh,1
https://t.co/r1Y2wYh6kn?,1
https://t.co/r3CzobeGYT?,1
https://t.co/0Xwp6O8Awj,1
https://t.co/r3gwdnx2dY?,1
https://t.co/r6z4noPF45,1
https://t.co/r9M0ZYMsJ8,1
https://t.co/rEZZPboO5x,1
https://t.co/rM39SQl7Aw?,1
https://t.co/rRURDrPuDK,1
https://t.co/qMO7m3iQC4,1
https://t.co/qMJ7UWbSXd?,1
https://t.co/0lCTe7zvLm?,1
https://t.co/oplX0cqJBa,1
https://t.co/oAJ08Rg4pG,1
https://t.co/oAraL1B0sl,1
https://t.co/oKowbJKkzo,1
https://t.co/oO9AZh8TBI?,1
https://t.co/18N3wDSHMz?,1
https://t.co/ocfIGKwgK6,1
https://t.co/ofRVMtXTQm?,1
https://t.co/ohZTK01PMF?,1
https://t.co/ohtiwq9fNG?,1
https://t.co/oxvgjMRs7b,1
https://t.co/qBK8F6qTFA,1
https://t.co/p9MbdZuGGF,1
https://t.co/pA6J3zsctd?,1
https://t.co/pG3yLOWwbw,1
https://t.co/pJmjMJfw5f,1
https://t.co/pO45Nee28D,1
https://t.co/pQw0dQZZwp,1
https://t.co/14WXJiJxXc,1
https://t.co/ptGdsjWiAb,1
https://t.co/q5tRESAClR?,1
https://t.co/2OoMADELs7,1
https://t.co/Wkm9bj8feg?,1
https://t.co/Wp1SjfKrGI?,1
https://t.co/Fm7jEu06Bg,1
https://t.co/FJOcTdG75V?,1
https://t.co/FLqKUQPbWo?,1
https://t.co/FOkEacTepw,1
https://t.co/FUVnsQKLiZ?,1
https://t.co/FWZU6EM0E3,1
https://t.co/FWe72f8PeG,1
https://t.co/FZjo0torO8?,1
https://t.co/5D64cEPqLI?,1
https://t.co/FdGehA1Wp9?,1
https://t.co/FgDBa7qulS?,1
https://t.co/Fo48OA0m9b,1
https://t.co/Wn3PWmhtlA,1
https://t.co/FwWQ2sqQIp?,1
https://t.co/G0q5q2pOKU?,1
https://t.co/G27H4r64AM,1
https://t.co/G33GQHokn3,1
https://t.co/G3ZmqVRGmk?,1
https://t.co/G4x5MjFNOD,1
https://t.co/G8hfviDP8m,1
https://t.co/GBNoy3ZvlK,1
https://t.co/GE6aJOe2Kv?,1
https://t.co/GHZiYf3cZ7,1
https://t.co/FJB9RFjrtp,1
https://t.co/F6XUw2pmtF,1
https://t.co/EwhyC8a8Fm,1
https://t.co/EwXt9yFCzs?,1
https://t.co/DPBfAepsno,1
https://t.co/DRQ3z8mTdQ,1
https://t.co/DS57RaMNvb?,1
https://t.co/DV2TRH3dgG?,1
https://t.co/Db9ECYMAa7,1
https://t.co/5NFJ6R0Ozi,1
https://t.co/DgZcMTQmGy,1
https://t.co/DqIyVHfHtX?,1
https://t.co/DqpWjUzG9A,1
https://t.co/Ds8BAYTGKx,1
https://t.co/E3GabS9jW0,1
https://t.co/E6tk0FUrNT,1
https://t.co/5NBrTWzGhP?,1
https://t.co/EQNbJBAc6K,1
https://t.co/EaIihgskG4,1
https://t.co/EbzkcrxS9p,1
https://t.co/EdvFs3EiQZ,1
https://t.co/EkxwKgXjf8,1
https://t.co/En5OFYC3Fj,1
https://t.co/EskbfpWli9,1
https://t.co/EtqrUtO1yw?,1
https://t.co/GIBCLukU7t,1
https://t.co/GIE1dzbJTY,1
https://t.co/GIriAp9vom,1
https://t.co/HyKekPIwsj?,1
https://t.co/IKYwf605qH,1
https://t.co/ITk05opzCM?,1
https://t.co/IV1WG7bqEA?,1
https://t.co/IdsRONeeGU?,1
https://t.co/InBJXNWQ62?,1
https://t.co/IuvLgMXpnr,1
https://t.co/J22uHgnax8,1
https://t.co/4qxy9c18ZG,1
https://t.co/J8pqtVhPhY,1
https://t.co/JCj5naddKU?,1
https://t.co/JEuvsbS2b7,1
https://t.co/JPd58ra1OF?,1
https://t.co/JRgmUtDEcT?,1
https://t.co/JSUy91PPb2?,1
https://t.co/JTLxjwOY30?,1
https://t.co/JVK2I3zTbL?,1
https://t.co/Je5SuvIR0a,1
https://t.co/Jex0pSa2OQ,1
https://t.co/Jiw7t8DcH2?,1
https://t.co/JosOCc5wdE?,1
https://t.co/4nasNQXl9R,1
https://t.co/4s14qBGFx7?,1
https://t.co/HtTcn7lYPX,1
https://t.co/GMSOsPWC0B,1
https://t.co/HpSpN1kuX0?,1
https://t.co/5A3dLudnfm,1
https://t.co/GSLSSJDVUW,1
https://t.co/GXyOTWsja4,1
https://t.co/GeK2eB2o9j,1
https://t.co/GsY4eTOVj7?,1
https://t.co/Gz0pzXH0oB,1
https://t.co/H43cAnVL9d,1
https://t.co/H78X0BfctK,1
https://t.co/4zjBXuO96k?,1
https://t.co/H7yVp1pNWw,1
https://t.co/HBLRfFN8dx,1
https://t.co/HDZMCcmdTb?,1
https://t.co/HDkFyz2Zgl?,1
https://t.co/HH1Z8Sw6Ho,1
https://t.co/HLwFCU45Sw,1
https://t.co/4xRfEm3Sc9,1
https://t.co/HSAvr21srW?,1
https://t.co/4vgiPsf7f0,1
https://t.co/HdI1CG1hVu?,1
https://t.co/Hh77VcXeht,1
https://t.co/HhTxG8YMlp,1
https://t.co/DCwQHwnUiN?,1
https://t.co/DCiruKZmJj?,1
https://t.co/D7ahYDWLck?,1
https://t.co/7kIMZy4GCz,1
https://t.co/7m8gMDBBFJ,1
https://t.co/7meBiUvCIy,1
https://t.co/7ofG7dG2HM?,1
https://t.co/7s8Yw0yHuH?,1
https://t.co/7tE6Ij13sG,1
https://t.co/86U4twAlCx,1
https://t.co/87cL29YC4t,1
https://t.co/87hsnXvWhM,1
https://t.co/8BKqhRquKc,1
https://t.co/8MDo7j2T1Y,1
https://t.co/8ScRIGmiGk,1
https://t.co/8aRuXWiLof,1
https://t.co/8eekml7HDg?,1
https://t.co/8fW4iDca5H,1
https://t.co/8iJ1yvgUqu,1
https://t.co/8mvkn9H6eK,1
https://t.co/8mywkKmJSc,1
https://t.co/8q6iopKgh1,1
https://t.co/8ylQGCll8E,1
https://t.co/939o057jIy,1
https://t.co/5dozd7AZOA,1
https://t.co/7kcccqq6ea,1
https://t.co/7ezvxPbmxR,1
https://t.co/9CfdLOdSYq?,1
https://t.co/7aDsFRCSsu?,1
https://t.co/65nCMumpQi,1
https://t.co/685q2skqdy,1
https://t.co/6BdqLRDGal,1
https://t.co/6C075djohe?,1
https://t.co/6DDClzddhR,1
https://t.co/5pvv0D64Yo,1
https://t.co/6Ks8NnagmT,1
https://t.co/6MTK6YzzIy,1
https://t.co/6OvN0hVYyf?,1
https://t.co/6PK9QDQyAX,1
https://t.co/6UDJCnh4C0?,1
https://t.co/6sCY75uS6o,1
https://t.co/6tEIGfZpjD,1
https://t.co/5paHJnuR58,1
https://t.co/5otMSnNroV?,1
https://t.co/7EhnF9f2uC,1
https://t.co/7GZmtx7ng0,1
https://t.co/7PCjACW3gQ,1
https://t.co/7WJr1rSD1C?,1
https://t.co/7WYRgn2cmd?,1
https://t.co/7XmHskYW4I?,1
https://t.co/9A2m4H0ue9?,1
https://t.co/9LiWplprj0,1
https://t.co/D5eN8N4Mhz?,1
https://t.co/BSz0eAi3ek,1
https://t.co/BXVgO8oZDg?,1
https://t.co/5TVJYkqwv5,1
https://t.co/Bmh6oYySIl,1
https://t.co/BoWR0nv2sA?,1
https://t.co/C18QzJIjWV?,1
https://t.co/CAEOnhNXky,1
https://t.co/CDpZPkPvBn,1
https://t.co/CFRoi8jRcJ?,1
https://t.co/CVQMbSEWil,1
https://t.co/CXTTvXpcqQ?,1
https://t.co/CYYyFYEsZB?,1
https://t.co/CfQrIH5StM,1
https://t.co/CfTFBU7YWW,1
https://t.co/ClH8nslcrA,1
https://t.co/Cv1PbN8k7Z,1
https://t.co/CwMbnomnH0,1
https://t.co/CyjWnJGsvo,1
https://t.co/D0uXNrBdjx,1
https://t.co/D2ZXcFTZHW,1
https://t.co/D4vHAoPc1h?,1
https://t.co/D5VfqY3CSG,1
https://t.co/BTnQ4Bq9EK?,1
https://t.co/BNKcfZS3zD?,1
https://t.co/9UTjcLvDeU,1
https://t.co/BLbKZwKuLj,1
https://t.co/9WlOA5EJPO,1
https://t.co/9cVfV1RzLY,1
https://t.co/9en0YOedlz,1
https://t.co/9hjWw4hylr,1
https://t.co/9rW4S6wWl5?,1
https://t.co/9ziEtZWn3u,1
https://t.co/A1N5EVQRUB,1
https://t.co/A4TBEcVmsf,1
https://t.co/A57lS7DE2L?,1
https://t.co/5ao7AfBAwW?,1
https://t.co/ACz7JlPpBt?,1
https://t.co/AG7mtaf8lg?,1
https://t.co/AUKjJaiOhs,1
https://t.co/Ac5irqRVr8?,1
https://t.co/AiMPCSAyhR,1
https://t.co/5YY2jb8uGT,1
https://t.co/Ao65oOobHw?,1
https://t.co/AoFSMJ8bzl?,1
https://t.co/ApDQfe95CR?,1
https://t.co/AvHh74trTG?,1
https://t.co/B8Lu7Oo897?,1
https://t.co/4iXii3Op4h,1
https://t.co/K2SRelJhDz,1
https://t.co/K2gRC46CoX,1
https://t.co/S061D1WyKX?,1
https://t.co/S5IHz3MjCu,1
https://t.co/37LFHX9YqV?,1
https://t.co/SCubaHyYYS,1
https://t.co/SEmeNK02Vb?,1
https://t.co/30F8kJddIg,1
https://t.co/SSab7h0WxA?,1
https://t.co/SWgVfE0nGl?,1
https://t.co/SWizYONGY1,1
https://t.co/2zd9CCk9k2?,1
https://t.co/SassLmrSMo?,1
https://t.co/SelqBBR4Xb?,1
https://t.co/Sg60H5pAaW,1
https://t.co/Sh9wg3HHm7,1
https://t.co/2y0qX8B7xz?,1
https://t.co/T1Uyxu03yv,1
https://t.co/T4d3t7YOoo,1
https://t.co/T6C5Edh9C2,1
https://t.co/TIjutvCrTm?,1
https://t.co/TK2kJSGUBL,1
https://t.co/TM2MbYlQHJ,1
https://t.co/TOSG2zBmHG,1
https://t.co/S38BHS1XCV,1
https://t.co/RzG6P7eX32?,1
https://t.co/TOxGlqoGzP?,1
https://t.co/RwXq3Sd9Mz,1
https://t.co/QzstBZ72mP,1
https://t.co/R05iWxkWdt,1
https://t.co/3U62CL6qVp,1
https://t.co/R52lIVn51x,1
https://t.co/RBjNar7HdC?,1
https://t.co/RDaqOmezg7,1
https://t.co/REmbxuG49f,1
https://t.co/RI6SrD2QKK,1
https://t.co/RJxjqrnnTe?,1
https://t.co/RM2pQEDwNB,1
https://t.co/RMMfqMV9TX?,1
https://t.co/ROVUpy6JaO,1
https://t.co/RPaUDPWhy2?,1
https://t.co/RXQQpCwC8g,1
https://t.co/RarWTwfZKP?,1
https://t.co/3MtpVryt5d,1
https://t.co/RjmjmBQLMd,1
https://t.co/3FFX1jkk8X?,1
https://t.co/RpobbXKouK?,1
https://t.co/RugDu4LrLv?,1
https://t.co/3Cgf5gqh4U,1
https://t.co/TOpYAEAfeV?,1
https://t.co/TVBt82se5q?,1
https://t.co/QvpocQTmq8,1
https://t.co/UximPLn9Dv,1
https://t.co/V0riOKlH7Z,1
https://t.co/VCy2ImoLoB,1
https://t.co/VHE3b642Kz?,1
https://t.co/VIE1C6EnzM?,1
https://t.co/VNQfwsG93f,1
https://t.co/VQWCUrpgCn?,1
https://t.co/VYYm4Kxhon?,1
https://t.co/VcIPJLY4tw?,1
https://t.co/Vfw60IjK4F,1
https://t.co/VkLpAfqdE3,1
https://t.co/VnWqIK1COp,1
https://t.co/VuDNREjO1J,1
https://t.co/W4T69NVbRo,1
https://t.co/WHSnb5Ylal,1
https://t.co/WPvrTHyrze,1
https://t.co/WSAw2Ps1an?,1
https://t.co/WSKNCTzfal?,1
https://t.co/WZAuHAWUkD,1
https://t.co/WaAhX0kKeZ,1
https://t.co/WeKqurd4Qu,1
https://t.co/64EQf0DM2L,1
https://t.co/V0EFW2xyhn,1
https://t.co/Uvpz9T2DXn,1
https://t.co/TaFi2i02HH?,1
https://t.co/Uq5TM8zUmQ?,1
https://t.co/TasIttnWGD,1
https://t.co/TcUjHttNAh,1
https://t.co/Thowl59aAN,1
https://t.co/2r7qFAHhDg?,1
https://t.co/07uWo9EFbz,1
https://t.co/TwgUVpw1y5,1
https://t.co/TzCrmRWW4G,1
https://t.co/U0UGWv90Se,1
https://t.co/2nMDvhDyY6?,1
https://t.co/U1ltUNQsfC?,1
https://t.co/U2bYjhGdZh,1
https://t.co/2hWcOhjz2D?,1
https://t.co/UE36SD5n6K,1
https://t.co/UQOrAfNBhF,1
https://t.co/URoMsIizRL,1
https://t.co/UVqk0FJ6MH,1
https://t.co/UW04dOfnYi,1
https://t.co/UX01nLp8Fc,1
https://t.co/UjJWBncAaX,1
https://t.co/2ewxphXQy8,1
https://t.co/Uo71ii9e3o,1
https://t.co/QxCm9uzLQO?,1
https://t.co/QvbTad1VYg,1
https://t.co/4gV9iYn6mc,1
https://t.co/410fEiG0Kp,1
https://t.co/LxXZ3DHy3D,1
https://t.co/M20GdYWmBw?,1
https://t.co/M3CBN8JpvP?,1
https://t.co/M667KnLxLE?,1
https://t.co/M67H80on9f,1
https://t.co/M7jvH3t6dI?,1
https://t.co/MK1HvofAf5,1
https://t.co/MLv3dJ4OcC,1
https://t.co/MVZtKSxP5n,1
https://t.co/MYyTOLCEyL,1
https://t.co/3vtUjNoHYd,1
https://t.co/Mc9S9nnptH,1
https://t.co/Mcs4Zraycu?,1
https://t.co/MdKBVi23f7,1
https://t.co/MgZTc4NeL8,1
https://t.co/Ml81A1Bf4t,1
https://t.co/MpRqAcYmtU?,1
https://t.co/MrT8pph4Hr,1
https://t.co/MyhfIjtBQX?,1
https://t.co/3sKBZ7U4TI?,1
https://t.co/N8wkM9B8Qn?,1
https://t.co/Lwp97LHDoG,1
https://t.co/48gFPAvLfC?,1
https://t.co/NDX9OUZFRQ?,1
https://t.co/Ljn0UqixpH?,1
https://t.co/KCr9Y4D2ux?,1
https://t.co/KZm0dHk6YC,1
https://t.co/KbLZprvm18,1
https://t.co/KcJwnn6Zj5,1
https://t.co/KdKG9kDd9h?,1
https://t.co/4f3dX1BgFx,1
https://t.co/4N8CuK5XGi,1
https://t.co/KsoheWzUoo,1
https://t.co/KvWWK6RgHU,1
https://t.co/L59JedfGBA,1
https://t.co/L92hgC8gL1,1
https://t.co/L9Qfv1tdO9?,1
https://t.co/LJXxuDP7Yu,1
https://t.co/LUAK6uuDue,1
https://t.co/LZW02g0msa,1
https://t.co/LZZC2I63r9,1
https://t.co/LZaqZmvuix,1
https://t.co/LbVKCTa1qP,1
https://t.co/LdxOwNa1sC?,1
https://t.co/LiiqWD7TfX?,1
https://t.co/LivrQ6G1IS,1
https://t.co/NDHDZdtCt8,1
https://t.co/NMqrfA0a8T?,1
https://t.co/Qu8WNfB2J7?,1
https://t.co/OwrGgbzWu7,1
https://t.co/P2VMqMSXUv?,1
https://t.co/PEhlfzb60t,1
https://t.co/PFaW33JupI,1
https://t.co/PWxrkwtuLk?,1
https://t.co/PXqSmsov6l?,1
https://t.co/PrWShh5a6l?,1
https://t.co/PsifjVzO1X?,1
https://t.co/PyyMgZjJTO,1
https://t.co/Q0jHPKV9se?,1
https://t.co/Q1U17f9tV2,1
https://t.co/Q4OVmdTVLN,1
https://t.co/Q60Kxg9N3g,1
https://t.co/QAZZpPMkki?,1
https://t.co/QDiR0Iu9vp?,1
https://t.co/QQDuWjudyq?,1
https://t.co/QXVrbaIVwv?,1
https://t.co/3cfuXBoizA,1
https://t.co/QYQ48sYrAQ,1
https://t.co/3XnaBwmPBs,1
https://t.co/QbsqyhRW77?,1
https://t.co/QmuhA7PDdX?,1
https://t.co/P2Py1WEJIM,1
https://t.co/OuUbWFArGr?,1
https://t.co/NPZ8c00vCT,1
https://t.co/OskmRbXVWr?,1
https://t.co/NSAox5FSce,1
https://t.co/NTlhmG1ve6,1
https://t.co/NZcE7cvytM,1
https://t.co/Naaouh1Yfn,1
https://t.co/NfhfjohFuq,1
https://t.co/NgAb9aeIYd,1
https://t.co/NkGZ1FXKpm?,1
https://t.co/NtR4sELULD,1
https://t.co/Nz0O5eiWBV,1
https://t.co/3iceb3zn57,1
https://t.co/ODrChgvrR1,1
https://t.co/OFCCdyZtmu,1
https://t.co/OIMzxXgM4y,1
https://t.co/OQ354rRsKN,1
https://t.co/OXkAZk9VCD,1
https://t.co/OaTmFM64QQ,1
https://t.co/ObEjomfTwt,1
https://t.co/Ode4R8F5Lu?,1
https://t.co/OfZtyoCIHl,1
https://t.co/OjEe0oyWYe,1
https://t.co/Osc2vfECyi,1
https://t.co/03iNPuCMoM?,1
